Company,Website
Composio,composio.dev
Arcade AI,arcade.dev
E2B,e2b.dev
Mem0,mem0.ai
Nango,nango.dev
Skyvern,skyvern.com
Agno,agno.com
Emergence AI,emergence.ai
Sepal AI,sepal.ai
Stack AI,stack-ai.com
Paragon,useparagon.com
Confident AI,confident-ai.com
Maitai,trymaitai.com
Browser Use,browser-use.com
Letta,letta.ai
StackOne,stackone.com
Merge,merge.dev
Firecrawl,firecrawl.dev
Dify,dify.ai
CrewAI,crewai.com
LangChain,langchain.com
Julep,julep.ai
Steel,steel.dev
Hyperbrowser,hyperbrowser.ai
Pipedream,pipedream.com
Crawl4AI,crawl4ai.com
Mastra,mastra.ai
CopilotKit,copilotkit.ai
